[
  {
    "id": "98bddb15-ac95-4a4a-a23c-762858e4914e",
    "data": [
      {
        "text": "arrivederci!",
        "userDefined": false
      }
    ],
    "isTemplate": false,
    "count": 0
  },
  {
    "id": "21e49585-5bb5-4496-b57a-2094055c9055",
    "data": [
      {
        "text": "alla prossima!",
        "userDefined": false
      }
    ],
    "isTemplate": false,
    "count": 0
  },
  {
    "id": "d666350d-ce93-46e1-9044-2a305c2d2646",
    "data": [
      {
        "text": "addio",
        "userDefined": false
      }
    ],
    "isTemplate": false,
    "count": 0
  },
  {
    "id": "5fde4f04-d1de-48cc-b3a4-e75d92846e0d",
    "data": [
      {
        "text": "arrivederci",
        "userDefined": false
      }
    ],
    "isTemplate": false,
    "count": 0
  }
]