[
  {
    "id": "c7bd62c8-0dc8-4276-8871-d44856e5dd60",
    "data": [
      {
        "text": "See you next time!",
        "userDefined": false
      }
    ],
    "isTemplate": false,
    "count": 0
  },
  {
    "id": "92eb322c-5fec-4a43-87ae-22701095ea29",
    "data": [
      {
        "text": "Bye!",
        "userDefined": false
      }
    ],
    "isTemplate": false,
    "count": 0
  },
  {
    "id": "9cfab5eb-b368-4010-bd70-e467719ba956",
    "data": [
      {
        "text": "Goodbye!",
        "userDefined": false
      }
    ],
    "isTemplate": false,
    "count": 0
  }
]