[
  {
    "id": "42bf866a-8de3-412f-9352-8530670bdef3",
    "data": [
      {
        "text": "give me a fact about ",
        "userDefined": false
      },
      {
        "text": "Hedy Lamarr",
        "alias": "name",
        "meta": "@sys.any",
        "userDefined": true
      }
    ],
    "isTemplate": false,
    "count": 0
  },
  {
    "id": "c34e75cc-2480-4828-8e5d-a1139e082431",
    "data": [
      {
        "text": "tell me something about ",
        "userDefined": false
      },
      {
        "text": "Ada Lovelace",
        "alias": "name",
        "meta": "@sys.any",
        "userDefined": true
      }
    ],
    "isTemplate": false,
    "count": 0
  },
  {
    "id": "073f9be4-08e4-4035-a86b-385ad2c75859",
    "data": [
      {
        "text": "tell me about ",
        "userDefined": false
      },
      {
        "text": "Grace Hopper",
        "alias": "name",
        "meta": "@sys.any",
        "userDefined": true
      }
    ],
    "isTemplate": false,
    "count": 0
  }
]