[
  {
    "id": "ce6f1946-8d48-48e5-8d53-1bc6efc74b20",
    "data": [
      {
        "text": "vita di ",
        "userDefined": false
      },
      {
        "text": "Ada Lovelace",
        "alias": "name",
        "meta": "@sys.any",
        "userDefined": true
      }
    ],
    "isTemplate": false,
    "count": 0
  },
  {
    "id": "d40a62f4-52ee-4cf7-a0d0-70e8583edc59",
    "data": [
      {
        "text": "fatti su ",
        "userDefined": false
      },
      {
        "text": "Hedy Lamarr",
        "alias": "name",
        "meta": "@sys.any",
        "userDefined": true
      }
    ],
    "isTemplate": false,
    "count": 0
  },
  {
    "id": "e3c3f7c5-e0e6-4ba5-95e6-504ef435a315",
    "data": [
      {
        "text": "puoi parlarmi di ",
        "userDefined": false
      },
      {
        "text": "Hedy Lamarr",
        "alias": "name",
        "meta": "@sys.any",
        "userDefined": true
      },
      {
        "text": "?",
        "userDefined": false
      }
    ],
    "isTemplate": false,
    "count": 0
  },
  {
    "id": "a9f2be7d-979a-490b-b1ba-63b8989bfb93",
    "data": [
      {
        "text": "che mi ",
        "userDefined": false
      },
      {
        "text": "dici",
        "meta": "@sys.ignore",
        "userDefined": false
      },
      {
        "text": " di ",
        "userDefined": false
      },
      {
        "text": "Ada Lovelace",
        "alias": "name",
        "meta": "@sys.any",
        "userDefined": false
      },
      {
        "text": "?",
        "userDefined": false
      }
    ],
    "isTemplate": false,
    "count": 0
  },
  {
    "id": "ed155b25-af3f-4b1d-8440-eb1b528b7b3b",
    "data": [
      {
        "text": "dimmi di ",
        "userDefined": false
      },
      {
        "text": "Ada Lovelace",
        "alias": "name",
        "meta": "@sys.any",
        "userDefined": true
      }
    ],
    "isTemplate": false,
    "count": 0
  },
  {
    "id": "535108de-5c48-4ea0-8076-2d1fdab931ab",
    "data": [
      {
        "text": "vorrei conoscere qualcosa su ",
        "userDefined": false
      },
      {
        "text": "Hedy Lamarr",
        "alias": "name",
        "meta": "@sys.any",
        "userDefined": true
      }
    ],
    "isTemplate": false,
    "count": 0
  },
  {
    "id": "6a793933-c8b6-4f7b-90e3-ca3f7ce79649",
    "data": [
      {
        "text": "dimmi qualcosa su ",
        "userDefined": false
      },
      {
        "text": "Ada Lovelace",
        "alias": "name",
        "meta": "@sys.any",
        "userDefined": false
      },
      {
        "text": "!",
        "userDefined": false
      }
    ],
    "isTemplate": false,
    "count": 0
  },
  {
    "id": "715ec5db-24a7-419b-abc1-023a279c6bbc",
    "data": [
      {
        "text": "parlami di ",
        "userDefined": false
      },
      {
        "text": "Grace Hopper",
        "alias": "name",
        "meta": "@sys.any",
        "userDefined": true
      }
    ],
    "isTemplate": false,
    "count": 0
  }
]